Screenshot Filename,Human Labelled
Screenshot_0001.jpg,"Con amigos
Nos califica
me tryna save bro but he's been
so lonely that he doesn't care
anymore
You know that Miss Han... is underage, right?
22,7 mil
119
â¤ï¸
15,5 mil
yagamixtr Seguir
Real ğŸ˜­ğŸ™ ...""
Enviar mensaje a Trenzin Gesar... ğŸ˜­ ğŸ˜ ğŸ˜‚

"
Screenshot_0002.jpg,"Reels â¤ï¸â¤ï¸â¤ï¸
01h 12m 11s
Locking tf in after watching
love island bc I'm 23 but not
love island 23
Comentarios
Love Island 2023 contestants
asialovee_ 4 d â¤ï¸
I'm over here wondering how they can even
3505
afford the plastic surgery when they're all
22-25?????
Responder Ver traducciÃ³n
Ver 11 respuestas mÃ¡s
88kara88 5 d â¤ï¸
plastic surgery, botox, and filler is in their
11607
water!!
Responder Ver traducciÃ³n
ğŸ˜­ğŸ™ŒğŸ¼ğŸ”¥ğŸ‘ğŸ¼ğŸ˜¢ğŸ˜ğŸ˜®ğŸ˜‚
Agrega un comentario para dumpsbydavis"
Screenshot_0003.jpg,"Con amigos
SocialX
Dude I'm goingto I'm goingto
Comentarios
thelowestyj 9 sem â¤ï¸
Hes 8 with 37 years experience
Responder Ver traducciÃ³n
189430
Ver 34 respuestas mÃ¡s
_lief_ 8 sem
He drives better then every women I ever
been in a car with ğŸ˜‚ğŸ˜‚
54895
Responder Ver traducciÃ³n
â¤ï¸ ğŸ™Œ ğŸ”¥ ğŸ‘ ğŸ˜¢ ğŸ˜ ğŸ˜® ğŸ˜‚
Agrega un comentario...
"
Screenshot_0004.jpg,"52 % Usado
China Wholesale & 
M GUESS WHAT USE tes
Sports: m.dku51.com
Hospital Supplies: medwant.com
Bags & Cases: china.bagsnet.com
Artificial Flowers: www.xfhzh.cn
Building Materials & Home Furnishing: www.buildmost.com
Lights & Lighting: xtfj.deng.com
Packaging & Printing: cpp114.com
General Merchandise: lightinthebox.com
Pet Supplies: shop.boqil.com
Medical Equipment: medwant.com
Second-hand Items: www.jiuyf.com
Construction: www.51s  com
Textile & Fiber: chinatexnet.com
School & Office Supplies: szrfh.com
Candles: caifedecandles.com
Bicycles: bike-manufacturer.com
670 mil
Wedding Dress: www.tyzh.net
Pool & Sauna Equipment: kiyea.com
Fashion Accessories: seelii.com
7.762
Fishing Products: qingxiuhuang.com
Health Products: m.zokogo.com
Children's Products: www.ctoy.com.cn/index.html
341 mil
Camping Supplies & Outdoor Gear: www.nixicamp.com
Tools & Hardware: toolchina.com
Let's plan a trip to China and get a birkin for 1k inste
...
thehotpotsauce y 7.054 mÃ¡s comentaron
"
Screenshot_0005.jpg,"SocialX
I hate mushrooms
I hate electric cars
I hate mean people
I hate my ex
I hate cardio
I hate deep water
I hate what i see every time look in the mirror
I hate what i see every time look in the mirror
I hate what i see every time look in the mirror
I hate what i see every time look in the mirror
I hate what i see every time look in the mirror
I hate what i see every time look in the mirror
I hate what i see every time look in the mirror
I hate what i see every time look in the mirror
I hate what i see every time look in the mirror
I hate what i see every time look in the mirror
I hate what i see every time look in the mirror
I hate what i see every time look in the mirror
I hate what i see every time look in the mirror
I hate what i see every time look in the mirror
I hate what i see every time look in the mirror
I hate what i see every time look in the mirror
I hate what i see every time look in the mirror
I hate what i see every time look in the mirror
I hate what i see every time look in the mirror
I hate what i see every time look in the mirror
I hate what i see every time look in the mirror
I hate what i see every time look in the mirror
I hate what i see every time look in the mirror
I hate what i see every time look in the mirror
I hate what i see every time look in the mirror
I hate what i see every time look in the mirror
I hate what i see every time look in the mirror
I hate what i see every time look in the mirror
I hate what i see every time look in the mirror
I hate what i see every time look in the mirror
I hate what i see every time look in the mirror
I hate what i see every time look in the mirror
I hate what i see every time look in the mirror
I hate what i see every time look in the mirror
I hate what i see every time look in the mirror
I hate what i see every time look in the mirror
I hate what i see every time look in the mirror
I hate what i see every time look in the mirror
I hate what i see every time look in the mirror
I hate what i see every time look in the mirror
I hate what i see every time look in the mirror
I hate what i see every time look in the mirror
I hate what i see every time look in the mirror
I hate what i see every time look in the mirror
I hate what i see every time look in the mirror
I hate what i see every time look in the mirror
I hate what i see every time look in the mirror
I hate what i see every time look in the mirror
I hate what i see every time look in the mirror
I hate what i see every time look in the mirror
I hate what i see every time look in the mirror
I hate what i see every time look in the mirror
I hate what i see every time look in the mirror
I hate what i see every time look in the mirror
I hate what i see every time look in the mirror
I hate what i see every time look in the mirror
I hate what i see every time look in the mirror
I hate what i see every time look in the mirror
I hate what i see every time look in the mirror
I hate what i see every time look in the mirror
I hate what i see every time look in the mirror
I hate what i see every time look in the mirror
e what i see every time look in the mirror
what i see every time look in the mirror
what i see every time look in the mirror
what i see every time look in the mirror
what i see every time look in the mirror
e what i see every time look in the mirror
I hate what i see every time look in the mirror
ate what i see every time look in the mirror
29,1 mil
160
4.580
â¤ï¸
n0ah.philip Seguir
I hate what i see every time look in the mirror
I hate what i see every time look in the mirror
I hate what i see every time look in the mirror
#gym #gymmotivation #mentalhealth #gymtok ...
I hate what i see every time look in the mirror""
Enviar mensaje a sahar
"
Screenshot_0006.jpg,"#drinking
SocialX
just a lil
lighheaded
ABSOLUT
Country of Sweden
VODKA
did they
even love me
Every drop of this 
superb vodka has been crafted
only with Swedish winter wheat
near the small town of Ã…hus
and continues a determined
commitment to the pursuit of
perfection since 1879
I'm not gonna
be a teenage
girl forever
IMPORTED
40% ALC./VOL. (80 PROOF) 750 ML
OneBuzz
Me g...
1
OneBuzz onebuzzbabes Seguir
thought daughter problems
-...
"
Screenshot_0007.jpg,"Log in
r/BlueskySkeets 7 hr. ago
sophie2005big Join
It's time to start calling things what they
really are
Devlyn Angel
@devlynangel.bsky.social
We need to start using the correct
words.
Immigrants aren't being deported.
They're being sent to concentration
camps.
Medicaid isn't being cut, the money
is being stolen so billionaires can
have more and to fund more
concentration camps.
It's not Republican party, it's the
Nazi party
16K 409 ğŸ‘†2 Share
Peacock â€¢ Official â€¢ Promoted
If you're not watching
Love Island USA, what
peacock ORIGINAL
love island
USA
reddit.com"
Screenshot_0008.jpg,"Con amigos
02h 35m 02s
Fell into the temptation and ate
the sweet treat so I won't be
getting off the stair master
till I delete that
1.673
64
35
â¤ï¸
thegymtiktok Seguir
ğŸ˜­...
Enviar mensaje a hlina...
"
Screenshot_0009.jpg,"hornsonhalos
Nos clifica
Frank Ocean â€¢ Chanel E
Bisexuals are still deviant perverts
Bisexuals are still deviant perverts
Bisexuals are still deviant perverts
Bisexuals are still deviant perverts
Tele @WitchÃ˜ftheNÃ˜rth â€¢ 1d
Bisexuals are still queer
Bisexuals are still queer
Bisexuals are still queer
Bisexuals are still queer
Bisexuals are still queer...
Fano Plane @jjjjjjjjojohohn â€¢ 13h
We need an Israel for bisexuals
Tele @WitchÃ˜ftheNÃ˜rthâ€¢ 2d
Bisexuals are still queer
Bisexuals are still queer
Bisexuals are still queer
â¤ï¸ 7.548 149
hornsonhalos Pet Peeve Revamped: Bi-Panic at The Disco
Hace 1 hora
nortonsecurity
Publicidad
2:45
You won't believe this 
t avel deal!!!"""
Screenshot_0010.jpg,"å°èŠå£«
Follow
162 37kg | ed Maintaining a bony figure
gives me a sense of security
Maintaining a slender figure gives me a sense of
security. (No malicious intent, just personal
sharing)
My weight has always fluctuated between 36 to
38, and as long as it doesn't exceed 39, I can
accept it mentally. I want to continue losing
weight, but my body can no longer withstand it.
At my current weight, I feel extremely weak; just
walking a few steps leaves me breathless, and I
can't move quickly when carrying heavy items.
Sometimes at night, I experience unexplained
rapid heartbeat, which might be due to my
premature birth, as I've always had poor health
and was frequently ill as a child (â•¥ Ï‰ â•¥`)
I also always feel guilty towards my parents.
Despite the hot weather, they prepare lots of
delicious food for me, but I secretly dispose of it
behind their backs. I always tell them to just stir-
fry some vegetables and make a simple meal for
me, not to go overboard, because I worry about
them getting too hot in the kitchen, especially
now that the temperature is really high (`â–³')!
Comment 108 27 20"
Screenshot_0011.jpg,"Me hyping myself up in
the mirror before going
out
Comments
fitt4pleasure 12w â€¢ â¤ï¸ by author
This is so sad and so unhealthy
Reply
7,651
sarauriasminor 11w
@fitt4pleasure right? Really really really sad
Reply
12
pinkvix3n 10w
@fitt4pleasure soo plastic surgerys
are healthy?
11
Reply
lianne0711 10w
Glad you pointed that out! I totally agree!
Reply
1
mysterious_kenneyy 10w
@fitt4pleasure and it's still crazy how
skinny people die before the fattest ğŸ˜­ğŸ¤£
ğŸ¤£ ğŸ™Œ ğŸ”¥ ğŸ‘ ğŸ˜¢ ğŸ˜ ğŸ˜® ğŸ˜‚
Start the conversation...
"
Screenshot_0012.jpg,"Comments
_3dw4rd._ 39w
It reaches a point where it's not funny but
actually rude
222
Reply
kennyjzim 39w
@_radius we aren't at that point yet
Reply
64
council_of_racism 39w
@_radius I disapprove of this comment.
Reply
29
der_buddy 39w
@_r.adius what are you doing here? Dont
you have some field stuff to do ?
Reply
48
chris_bond03 39w
@_r.adius ok. Well we still have a long way
to go for that! ğŸ¤£ğŸ¤£
Reply
4
c2tlov3r 39w
@_radius bro your on Instagram delete this
go back to tiktok
4
Reply
murilo.negrii 39w
@brokeman404 how can you tell
Reply
â¤ï¸ ğŸ™Œ ğŸ”¥ ğŸ‘ ğŸ˜¢ ğŸ˜ ğŸ˜® ğŸ˜‚
Add a comment for theamazingstev
"
Screenshot_0013.jpg,"Log in
https://www.newsweek.com/elon-musk...
NEWS
13K 1.1K
r/clevercomebacks â€¢ 10h ago
Harsh But Fantastic Comeback.
warriordw2
BLAIRE WHITE
@MsBlaireWhite
Donald Trump took a bullet for this country.
If you're voting for anyone else, you can go
fuck yourself. That's where I'm at.
Elvis - Your Lich King!
@Drakken737
The Iron Snowflake
I took bullets for this country. I took IEDs for
this country. I took 4 stabbings all in
Afghanistan for this country.
Fuck you bitch and fuck him too. The only
thing he took for America was advantage of
dumb fucknuts like you and the entire nation.
29K 329 1
r/nottheonion â€¢ 10h ago
Join
Idaho bans 'Everyone Is
Welcome Here' classroom
signs, calling them ideological
https://www.msnbc.com/top-stories/la...
reddit.com"
Screenshot_0014.jpg,"Crime Map
Sex Offender
LIVE
STEM
Explore
Following
Shop
For You
Turn on your GPS permission to get
crimes nearby
ESTLAKE
INATOWN
Ange
MARENGO S
I really wish I just didn't
check this app
137 comments
NewsBreak: Local News & Alerts â€¢ Creator
Something buzzing near you? Dive into the
hottest local news at lightning speed!
Check it out
6-1
Evan
This is why I quit offending. Too many 
sweats....
6-3
Reply
438
FabiğŸ‡·ğŸ‡ºâ˜¦ï¸ğŸ‡µğŸ‡·âœï¸
Nah dawg ğŸ’€ 
6-13 Reply
16
Factorystock_22
I'm more of a defender now
7-7 Reply
10
ğŸ˜¼
NAHH
6-4 Reply
10
10
10
10
10
10
10
10
10
10
View 2 more
Hide
Add comment...
"
Screenshot_0015.jpg,"Posts
museumofsex
follow
1 day ago
museumofsex
Museum of Sex
F*CK
ART
MIAMI
A CALL FOR SUBMISSIONS
AS PART OF OUR UPCOMING
F*CK ART SHOW ON VIEW STARTING
FEBRUARY 14TH 2026
MUSEUM
OF SEX
19
Liked by sexisdope and others
museumofsex Calling all rule breakers, boundary pushers, and
radical romantics... more
4 days ago"
Screenshot_0016.jpg,"How my professor looks at
me when I leave the exam
paper blank and only write
his affair's name and wife
number on it
246 mil
637
5.591
99,5 mil
spicymemeburrito Seguir
Just let me pass the class and your secret stays wit
...
"
Screenshot_0017.jpg,"brands that still test on
animals in 2025
497 mil
5.914
24,1 mil
46,2 mil
humane_vision Seguir
Support cruelty free brands ...
"
Screenshot_0018.jpg,"Posing in front of
people's dorms but adding
them to the group
Me g...
2
3
â¤ï¸
goodmorningucla Seguir
College is easier with new friends â˜ºï¸#college ...
"
Screenshot_0019.jpg,"Reels amigos
dinner wasn't ready when
I got home.
1 mill.
2.784
29,8 mil
320 mil
â¤ï¸â¤ï¸
deb.does.anything Seguir
Sir, This is A Cut Throat
looks like no one is getting fried giant strawberry...
"
Screenshot_0020.jpg,"*Some of the five
coldest Aura moments
in AOT*
1. ""i said advance GODDAMIT ğŸ¥¶""
376 mil
1.082
4.407
60,2 mil
â¤ï¸â¤ï¸â¤ï¸
jerai.ko Seguir
THE AURA ASSIST OFF RIP #animes #attackontitan
...
"
Screenshot_0021.jpg,"Reels Amigos
when your counting your reps in
your head but you got distracted
because you said 6 7
1 mill.
794
26,1 mil
368 mil
â¤ï¸â¤ï¸
CRUNCH
SIMI VALLEY
crunch_simivalley Seguir
""Acting broke, thinking rich... 6,7"" #crunch ...
Ver traducciÃ³n
"
Screenshot_0022.jpg,"Reels Amigos
03h 16m 05s
minneapolis ain't real ğŸ˜­
Me g...
56
Comentarios
Buscar â€¢Minneapolis Minnesota news
yakubs.top.guy 2 d
Somaliapolis
247
Responder
â¤ï¸ ğŸ™Œ ğŸ”¥ ğŸ‘ ğŸ˜¢ ğŸ˜ ğŸ˜® ğŸ˜‚
Inicia una conversaciÃ³n...
"
Screenshot_0023.jpg,"Reels Amigos
Squat challenge bf&gf
28
33
41,1 mil
409
242
12
danandkita Seguir
Who let's go first? ğŸ˜‚...
"
Screenshot_0024.jpg,"LIVE
STEM
Explore
Following
Shop
For You
tell me the most
UNHINGED absolutely
DIABOLICAL thing you've
done to lose weight FAST
+
531.8K
18.1K
100.3K
5,356
Makaylasinclair Photo
I need to know everything. #fyp... more
3
Home
Friends
+
Inbox
Profile
"
Screenshot_0025.jpg,"LIVE
STEM
Explore
Following
Shop
For You8th grade boys when you
aren't built like Huda, small
 nose, blonde, waist smaller
than a pen, 5'0 at the ripe +
age of 13
246.1K
851
16.2K
13K
ğŸ˜›
Like what do you want from me #fypï½¼
#bi #boys #8thgrade #fypï½¼
Home
Friends
+
Inbox
Profile
"
Screenshot_0026.jpg,"LIVE
STEM
Explore
Following
Shop
For You
pov: you're 14 days into you're
gut cleanse and there's no
more bloating after meals,
acne cleared up, and you feel
way more energetic
llog
TSOP ERP
SCITOIBORP
7,192
69
1,156
Shop Goli Pre, Post, Probiotics
Price drop: 40% iff
walkwithmatt
91
summer body is coming ğŸ™ #guthealth
#gutcleanse #goligummies #ski... more
Creator earns commission
Search â€¢ how to do a gut cleanse naturally
3
Home
Friends
+
Inbox
Profile
"
Screenshot_0027.jpg,"twisted tea
Search
your only young once
FOUR 6-PACKS OF 12 FL.OZ BOTTLES
go drink with your
tra
friends
FOUR
EXTRA
CORONA
EXTRA
KA
C
SMIRNOFF
ICE
ICE
TWISTE
TWISTED TEA PACK
REDD'S
VARIETY
REDD'S
REDD'S
REDD'S
163.7K
1485
15.6K
ferdasteezbeer 2-23
31.1K
#party #drinking #drink #foryoupage
#viral #fyp #twistedtea #tweas
#alcohol #beer #fypageï½¼ 
original sound - arqlyrics (Contains m...
Search your only young once
Add comment... ğŸ˜ ğŸ¥° ğŸ˜‚
"
Screenshot_0028.jpg,"1/9
Therapy is nice.
But
Bu
Budweise Budweise Budweis
KING OF BEERS
KING OF BEERS
KING OF BEERS
is alot faster
and cheaper!
78.9K
350
42.2K
drinkingabeer and male
Luke Bryan â€¢ Drink A Beer Follow
Therapy = @drinkingabeer ğŸ»
#beer #alcohol #drinking ..."
Screenshot_0029.jpg,"Comments 80
Yuna
""i want to die"" just as simple!
6 hrs ago Germany Reply
282
shaggy5402
are you OK? pretty normal thing to do
while driving
3 hrs ago United States Reply
4
!
Reply shaggy5402ï¼šéš¾ç»·
3 hrs ago Beijing Reply
37
å°å¥³æ˜¯æˆ‘
Reply shaggy5402: Put your legs up while
driving is not normal lol it's so
dangerous, if the airbag explodes, your leg
will fracture
3 hrs ago United States Reply
58
Kiara
doesnt the autobahn exist in Germany
Say something...
@ "
Screenshot_0030.jpg,"Comments 320
æ‰¶å¥¹ç‹—
This weight is already abnormal, and it
5,182
has nothing to do with whether one dances
ballet or not.
2 days ago Hebei Reply See original
View 14 replies
è¢«æˆ‘è¾£å˜¿çš„é™¤äº†æ˜¯å”‡ç è¿˜èƒ½æ˜¯ä¸ªå•¥
This really hurts the knees. With such a
2,168
large weight, the first thing to consider is
losing weight. If you don't lose weight and
keep jumping around, I can't even
imagine...
1 days ago Guangdong Reply See original
Ammie
The best way to lose weight is by
161
doing what she's already doing.
Besides, maybe she doesn't want to
lose weight.
Say something...
@ "
Screenshot_0031.jpg,"Explorar
Amigos
Taking a 14 hour flight with no WiFi
let's see how many
brands comment before I land
180 mil
Comentarios
danieldavid0314 6 sem
No hate, but that smile is genuinely
terrifying ğŸ’€
124 mil
Responder Ver traducciÃ³n
Ver 324 respuestas mÃ¡s
ahmed7arbyy 6 sem
No deodorant brand is commenting
Responder Ver traducciÃ³n
74,9 mil
â¤ï¸ ğŸ’€ ğŸ”¥ ğŸ‘ ğŸ˜¢ ğŸ¥° ğŸ˜® ğŸ˜‚
Â¿QuÃ© opinas sobre esto?
"
Screenshot_0032.jpg,"wrong with it?
1,484
17
1
112
tejashullur Seguir
Make gaze? Female gaze? A controversial gaze ğŸ˜”.
yuvirayz y 1 persona mas siguen esta cuenta
"
Screenshot_0033.jpg,"WHAT SO THE
63,8 mil
We've misunderstood
539
""platonic"" love
550
37,1 mil
justavinash27 Seguir
Most of us think of Platonic love as just ""deep
No me interesa
Me interesa
"
Screenshot_0034.jpg,"fitness
SocialX
world's most expensive outfit
even money can't buy ğŸ’€
119 mil
685
16,1 mil
alxallora
ğŸ‡®ğŸ‡³100%
"
Screenshot_0035.jpg,"SocialX
Deep down I want to ask
my grandma why she gave
me this kind of s r ğŸ¥¹ğŸ’”ğŸ’”
ğŸ’”
9,931
1,270
thatblackbwoyy
Dxtiny Babcock
Wahala!
"
Screenshot_0036.jpg,"Explorar
Amigos
02h 12m 25s
""I want more volume
but keep the length
please""
53,2 mil
220
20
4,298
faricurls y rezosalon
A JMSN â€¢ 'Bout It
Seguir
""He came in looking for change-more layers, more
Ver traduccion
"
Screenshot_0037.jpg,"Explorar Amigos
02h 21m 35s
POV you thought you
knew Spanish till your
friend's ğŸ‡©ğŸ‡´ mom started
speaking ğŸ˜‚ğŸ˜­
23,7 mil
805
16
20,1 mil
Lingotwin
Seguir
Dominican moms ğŸ¤£ğŸ‡©ğŸ‡´#bronx #funny #ny #viral
"
Screenshot_0038.jpg,"02h 18m 25s
9:30 AM
Office dedication
12,4 mil
109
9
kshitijsharma.ig
an Dlow â€¢ Shake Dat Ass
487
Cualquier funciÃ³n en un techo es probablemente el
Ver original
Les gusta a anu.shah20 y 12.486 personas mas
"
Screenshot_0039.jpg,"Amigos
59 % Usado
I like women but not in a
performative way like i don't have a
mustache and tote bag and
clairo i mean I Eat Box
Comentarios
tori_anne02 5 sem
But do you eat it good? â¤ï¸ğŸ™Œ
Responder Ver traducciÃ³n
908
nettspend_and_tchaik_fan 5 sem Autor
@tori_anne02 Do you want to find out
(threat not flirting)
3416
Responder
Ver traducciÃ³n
Agrega un comentario...
"
Screenshot_0040.jpg,"Explorar
02h 36m 22s
6.923
PEANUT BUTTER COOKIE
DOUGH PROTEIN BARS
205
15g protein | 15g fat | 22g carbs
2.317
crowded_kitchen
Seguir
Homemade Peanut Butter Chocolate Chip Cookie
"
Screenshot_0041.jpg,"Explorar
SocialX
18,3 mil
okay so i got engaged in
449
may and me and my
boyfriend fiance haven't
um
7.875
maynaay
Seguir
Literally dreading this part of wedding planning
when
Les gusta a steffy_sunny_y 18.393 personas mas
"
Screenshot_0042.jpg,"01h 38m 19s
ON E
A R
C
9
49,1 mil
Comentarios
angeldeesky 2 sem
Call center rap going up
Responder
1381
Agrega un comentario para ar.paisley
"
Screenshot_0043.jpg,"Reels
When you've had too
much to drink and your
friend tells you to act
normal
C
Me gu
13
tianicole06
Seguir
ğŸ˜‚ğŸ˜‚ğŸ˜‚
invertedcoconut sigue esta cuenta
"
Screenshot_0044.jpg,"rude
Nos califica
Are you a lady
51,6 mil
boy?
586
hahasammi
mel, Kate Linn â€¢ Dame Ur
Seguir
Is it rude to ask?
61,3 mil respuestas Votar
"
Screenshot_0045.jpg,"Reels
Hangovers are temporary
Drunk stories are forever
Me gu
161
_amxthx._y amxthx.alt
Seguir
Alcohol you later
"
Screenshot_0046.jpg,"Reels
01h 38m 54s
How cops treat black people in
America ğŸ‡ºğŸ‡¸ damn what a world
524
@bit_of_bantss
150
I go for it Exit the vehicle now, exit
5
bit_of_bantss
Seguir
Disgusting behaviour absolutely no need for it ğŸ˜³ğŸ˜³
ğŸ˜³
"
Screenshot_0047.jpg,"Explore
01h 58m 16s
THAT'S ALL YOU HAVE
106K
184
18K
theabishekkumar and
mahlyf_mahrulez
Follow
Dear North India - kindly finish the words fully.
Followed by awkwerrrrrd and 2 others
"
Screenshot_0048.jpg,"Reels
37% Used
POV: you get way too cute
with the ball
Comments
drewzy92.0 6w
She spoke all that for nothing ğŸ˜‚
Reply
1577
View 4 more replies
yyz.jondoe 6w
Don't call no girl pretty or beautiful. Find
better worlds. Don't inflate their ego
630
Add a comment
"
Screenshot_0049.jpg,"Reels
Rate us
POV: you take that one girl
out on a date
22.5K
Comments
nomex_noncompliance_ 7w
She deepthroats tho
Reply
3388
View 24 more replies
Add a comment
"
Screenshot_0050.jpg,"Explorar
SMALL WAIST
(quick intense workout & results
Me gu
14
eveolivia
drey Hobert â€¢ Sue me E
Seguir
intense ab routine for a snatched & small waist!!
"
Screenshot_0051.jpg,"Reels
00h 32m 13s
how ai videos looked
last year:
129 mil
556
5.699
n1ckwilkins
Seguir
It's getting scary
"
Screenshot_0052.jpg,"32 % Usado
STEVIA,
749 mil
1.360
Comentarios
juggperc 5 sem
grown ass man enjoying a sweet treat ğŸ˜‚ğŸ˜‚
Responder
Ver traduccion
14102
Inicia una conversacion
"
Screenshot_0053.jpg,"Explorar
64% Usado
""Why are you always in
somebody section?""
Comentarios
whodorian 9 sem
Network = Neck Work
Responder Ver traduccion
120
iamriverlyons 9 sem Autor
@whodorian that's what yo sister does?
54
Responder Ver traduccion
Ver 8 respuestas mas
aubsofficial_ 9 sem
Bops are great at networking
72
Responder Ver traduccion
iamriverlyons 9 sem Autor
@aubsofficial_ exactly that's how your
bop ahh mom met yo daddy and ğŸ’© you
80
out.
Responder Ver traduccion
Ver 11 respuestas mas
Agrega un comentario
"
Screenshot_0054.jpg,"00h 02m 05s
Me watching my Za get
passed around extra heads
that wasn't in the session
288 mil
2.302
250 mil
1rayonly
ColaboraciÃ³n pagada
Seguir
Yeah I'm going home to get me one in peace ğŸ˜­ğŸ˜­
Envair mensaje a Curtis K
"
Screenshot_0055.jpg,"01h 16m 42s
can't ""delete India"" after this ğŸ¤¯
Comentarios
i
therealariesjordan 2 d
Nigga look like Dolph in a wig ğŸ˜‚
3
Responder Ver traduccion
darkskinqueen37 1 sem
We are loved all over the world â¤ï¸ğŸ”¥
1
Responder Ver traduccion
Ver 1 respuesta mas
da_freshest 4 sem
Still curry though.
Inicia una conversacion
"
Screenshot_0056.jpg,"Con amigos
01h 35m 51s
Passenger princess or
passenger victim ğŸ˜¥
284 mil
1.058
133 mil
strawhatdan y beingbeefr
Seguir
Mind u im on my Deriod ğŸ’…
Ver traduccion
Enviar mensaje a fadrian
"
Screenshot_0057.jpg,"Reels
03h 39m 36s
Remember: Just cause someone wants something
From you does mean they want You
189
8
bryalysse
Seguir
1
I pray every day for the discernment to know which i
"
Screenshot_0058.jpg,"Con amigos
SocialX
This move won't work ğŸš«
RealStarks27
1,9 mill.
58,8 mil
#ayoğŸ¤£ğŸ¤£ğŸ¤£ğŸ¤£
Comentarios
sufiyan_66786 6 sem
Your Babe Is Not Babeing
Responder Ver traduccion
14447
Inicia una conversacion
"
Screenshot_0059.jpg,"SocialX
Do short people also start
also start their stories like
""when I was little"" or they
just say ""as l am today""
27,4 mil
81
14,4 mil
therealslimjoshy
Beatz â€¢ Ten Toes Bubba
Seguir
Ver mas
Enviar mensaje a Devian FG
"
Screenshot_0060.jpg,"02h 18m 52s
When my besties man tags
along for the girls hangout:
128 mil
222
91,2 mil
netflixtweetss
E Rob49 â€¢ WTHELLY
Seguir
Props to him for putting up with us ğŸ˜‚
Enviar a mensaje a Brean
"
Screenshot_0061.jpg,"Con amigos
02h 33m 12s
Pov: when you randomly find
bro at the party after being
separated for 2 hours
9.287
10
2.200
steezforprez
Seguir
Ver mas
Enviar mensaje a Jason Martin
"
Screenshot_0062.jpg,"02h 31m 30s
Almost forgot it was pride month
until these guys all merged
together and tried taking
up all 3 lanes
Comentarios
mlnchlyvmpr_ 5 d
Just three 5' dudes rushing home to kiss
their daddy on the lips.
5492
Responder Ver traduccion
Ver 11 respuestas mas
__dre4x 6 d
Trucks def have never seen mud
Responder Ver traduccion
10645
Ver 8 respuestas mas
alekslrnx 6 d
gays stick together ğŸ³ï¸â€ğŸŒˆğŸ‘¨â€â¤ï¸â€ğŸ‘¨
Responder Ver traduccion
6166
Inicia una conversacion
"
Screenshot_0063.jpg,"Reels
02h 43m 43s
""you acting like my man
won't beat your a-""
219 mil
936
negusflex
88,7 mil
Shattered Dreams E
Seguir
via: tt/dadonfn
Les gusta a thatdjvega y 219.112 personas mas
"
Screenshot_0064.jpg,"Reels
02h 37m 32s
562
My face b/c I'm literally on my way
to get sorority white girl w@s7ed
and I get a ""wanna join the 8am
36
scramble tomorrow?"" text.
33
nadyadurham
Seguir
Contemplating ALL my decisions right now...
Agrega un comentario
"
Screenshot_0065.jpg,"Con amigos
00h 25m 37s
Nothing beats freshman
year pregaming in the
dorm before going to the 
53,4 mil
function ğŸ˜£
72
26,2 mil
redcupnews
Seguir
Life was simple then
Enviar mensaje a Arjun Sunderra
"
Screenshot_0066.jpg,"LIVE STEM Explore Following Shop For You
next time i get yelled at
in the car im just gonna
open the door and jump
out
749
14
50
Repost to followers
24
ryleessupersecret
#fyp #pleaselaugh #ihateschool #vb
3
Home Friends Inbox Profile
"
Screenshot_0067.jpg,"LIVE STEM Explore Following Shop For You
When my prents
saw my scars
52.2K
310
9,513
2,521
Nayelitooreall
Home Friends InboX Profile
"
Screenshot_0068.jpg,"POV you need to
gain 30kg
3,443
118
2
bigcakelau
Follow
Gaining every day ğŸ¥°
"
Screenshot_0069.jpg,"I'M A MIDSIZE GIRL
IN A STRING BIKINI
5'2 180Lb | 157cm 82kg
Comments
simplysusann_uh 7 w
Just because there's people bigger than you,
doesn't make you midsized.
Reply 9,011
bbobbkiss 7 w
Straight sizes are the sizes S-L, Midsized
are sizes L-XL and Plus are XXL and up. It's
funny because you definitely look midsized
446
Reply
apathetic_haircuttt 7 w
@bbobbkiss ur 5'7 and 200lbs bro stop
projecting yo big belly ahhh onto this
woman ğŸ˜­
113
Reply
fkoffmymemes 7 w
@bbobbkiss If u think she looks mid size,
how is the girl in the video also mid size lol
the girl in the video is way fatter
66
Add a comment for midsizeasi
"
Screenshot_0070.jpg,"LIVE STEM Explore Following Shop For You
""every girl group has
2.1M
an ugly member""
KATSEYE:
18.8K
ivy
the prettiest girls ever #katseye
121.9K
#katseyefan #manon #lara #megan
#sophia #daniela #yoonchae #gnarly
#gabriela #kpopfyp #trend
25.5K
original sound - rranngee
Not interested
Interested
Search lara without makeup
Home Friends Inbox Profile
"
Screenshot_0071.jpg,"LIVE STEM Explore Following Shop For You
walking into practice and
every girl has size 2 lulu
shorts, slick backs,
legging legs, and kd 16s
1.2M
1,784
39.1K
4,461
ETIC-IRT
ERTXE
LOV
jay
Search lulu 2 inch short too tight
Home Friends Inbox Profile
"
Screenshot_0072.jpg,"LIVE STEM Explore Following Shop For You
body weight
Seach: b belly
1,644 comments
samatha_ar1c
I HATE HOW FAT I AM LIKE I AM ALWAYS THE
ONE THAT GIVE BIGGYBACKS AND THE ONE
THAT HAS TO PICK PEOPLE UP BUT NO ONE
DOES IT TO ME BC OF HOW HEAVY I AM
7-23
Reply
613
Cerys Higgs
Frrrr like I acc hate it I wish I can be
skinny
7-24
Reply
5
Lolo ğŸ˜ğŸ«¶ğŸ
Finally someone understands...
7-24
Reply
4
Allieâœï¸â›¸ï¸ğŸ¼ğŸŒ„ Lolo ğŸ˜ğŸ«¶ğŸ
Same to be skinny
7-24
Reply
View 24 more
Hide
ğŸ™ˆ
Add comment
"
Screenshot_0073.jpg,"Comments
lucianobreneville 1w by author
Once you start eating less you'll realize you didn't
even need to eat that much in the first place. Just
eat the right things.ğŸ’¯
14.3K
Reply
View 29 previous replies
fitxmelarga 1w Author
@lucianobreneville well said ğŸ‘
Reply 245
View 87 more replies
leah_mojo 2w by author
I cut added sugar 3 weeks ago. First week is
tough, then it's easy. My focus does feel clearer.
597
Reply
fitxmelarga 2w Author
@leah_mojo proud of you !!! Keep up
Add a comment for fitxmelarga
"
Screenshot_0074.jpg,"Friend: Which is better?
Biotechnology or Computer Science
Me : let's do Bioinformatics
Bioinformatics
Biotechnology
Computer Science
Just for laughs
3,564
22
@python_for_bioinformatics
2,155
python_for_bioinformatics
Anurag Saikia â€¢ Panchayat Ti
Follow
How is Bioinformatics treating you guys ğŸ˜œ
"
Screenshot_0075.jpg,"Shorts
Subscriptions
Live
Trends
1M
Dislike
I hate Vietnam!
5,328
I love how it just continue to spiral
into worse misunderstandings.
Share
@shiri220
Subscribe
13K
They took a minute to offend the whole world
#tvshow #shorts #modernfamily
(Mystery) â€¢ AnymindMusic Library        In the da
Home
Shorts
Subscriptions
You
"
Screenshot_0076.jpg,"Costco: The Food Bank
For The Middle Class
Comments
i
samantha_tae_pak 15w
It does not take 3 days lmao
Reply
489
View 591 more replies
anseleayrs 17w
She saw that line and still grabbed 6 chickens
with a grin on her face.ğŸ™„
Reply
220K
View 689 more replies
fred.bk 17w Author
There's always someone grabbing more than one
ğŸ˜¢
Reply
92.7K
View 215 more replies
hysterical_melancholy 17w
They were 4.00$ at wallmart yall missed out fr
What do you think of this?
"
Screenshot_0077.jpg,"Woke up and moved
Comments
hayleyvdpoll2 1w
this build feels wrong
Reply
2,845
trulyy.raven 1e
@hayleyvdpoll2 grown ass woman body
shaming somebody on the Internet grow the
fuck up
37
Reply
aleesha2shyne 1w
@hayleyvdpoll2 she js has a long torso...
Reply
14
cru.issant 1w
@hayleyvdpoll2 her pants are just really low
Reply
9
caramelcinco 1w
@aleesha2shyne dyz itğŸ˜£
Add a comment for becamichie
"
Screenshot_0078.jpg,"LIVE STEM Explore Following Shop For You
Hawaii
""All white girls have thin
lips""
4.9M
28.9K
120.2K
199.8K
Lola
original sound - ordnvfx
Search black preson with thin lips
1
Home
Friends
Inbox
Profile
"
Screenshot_0079.jpg,"LIVE STEM Explore Following Shop For You
Search: flared ribs
1,550 comments
jilianağŸ
boys saying ""the fridge protecting the
snacks"" or saying ""wow your kinda fine for
being chubby"" or the girls hitting you with
""woah face card is insane"" or ""healthy body
btw""
1w Reply
361
oh_you_thought
Don't forget the ""big back"" trend
3h Reply
1
ğŸ’Œ
ğŸ’”
1d Reply
4
Hide
k
going out w friends n they get asked for their
instas while u js stare ğŸ˜­
8-1 Reply
1069
Add comment
"
Screenshot_0080.jpg,"mongolian girl
Search
""All asians look the same""
176.3K
Korean girl
2427
Use template
14.6K
M 1-30
Like if your not blind you can see the
difference smile ğŸ˜ #all #asians #look #does
6170
#not #look #the #same #blind #asian
#chinese #girls #girl #korean more
original sound - bizzle.just1n (Contai...
Add comment
"
Screenshot_0081.jpg,"LIVE STEM Explore Following Shop For You
That one girl who tries to
be the cute funny weird
girl
IDLA
540.4K
6,864
50.8K
Effect BIG NOSE
35.6K
.kississippii
#foryoupage ummm
3
Home
Friends
Inbox
Profile
"
Screenshot_0082.jpg,"Live STEM Explore Following Shop For You
I think he finally got the
hint
256.5K
284
6,921
2,273
msjacksonsecret
Shhh don't tell my best friend
36
Home
Friends
Inbox
Profile
"
Screenshot_0083.jpg,"LIVE STEM Explore Following Shop For You
When my gf is telling me a
story but I'm not hearing
any pronouns
334.9K
372
14.4K
27.9K
William III
Contains: Your Love Is My Drug - Ke$
36
Home
Friends
Inbox
Profile
"
Screenshot_0084.jpg,"LIVE STEM Explore Following Shop For You
You bring a girl around the
guys now the whole room
sound like this
75.8K
551
3,270
glitty
6,696
#relatable #fypï½¼ #trending
See original
Search how guys act around unattractive girls
36
Home
Friends
Inbox
Profile
"
Screenshot_0085.jpg,"LIVE STEM Explore Following Shop For You
420.3K
POV: your dog is deathly
593
afraid of nail trims so you
have to sneak attack.
Nail by nail. Nap by nap.
7,473
Charlie the Golden
11.3K
FINALLY GOT ONE! #dogsoftiktok
#goldenretriever #dog
Pink Panther Intro - @Henry Mancini
36
Home
Friends
Inbox
Profile
"
Screenshot_0086.jpg,"LIVE STEM Explore Following Shop For You
Bro when it comes to having
the craziest stickers:
742.0K
11.9K
44.8K
Cavs.216
#CapCut they have to be illegal also
help me hit 10k #viral #blowup #abcxyz
#tikto #fyp #trending #fypï½¼
148.2K
#relatable #NBA
original sound - cavalier.216 (Contain...
Home
Friends
Inbox
Profile
"
Screenshot_0087.jpg,"Reels
SocialX
AILAT
48,2 mil
when that princess pilates
129
build finally start showing
through
8.975
daciiasznn
Seguir
sharing on here too because yall was asking for the
"
Screenshot_0088.jpg,"Reels
00h 35m 44s
How I got here is how I
have to keep going:
Me g
44
makingmaly
Seguir
I been doing RDLs for years I can't believe itğŸ¤
"
Screenshot_0089.jpg,"_icomplexity
02h 09m 08s
iComplexity he/him/his
166
163 mil
2.259
publicaciones
seguidores
seguidos
Artista
ğŸ : Hollywood, California
ğŸ‰: #proudblackvegan
: he/him/his
linktr.ee/iComplexity
@_icomplexity
iComplexity
f iComplexity
muthedj sigue esta cuenta
Seguir
Mensaje
Suscribirte
ğŸ‘‘ Exclusive
Brandy ğŸ˜
Me
My Favorites
Sou
ANCESTRAL
Chloe, Halle & Marvin
THIS IS WHAT HARMONY
"
Screenshot_0090.jpg,"Explorar
02h 32m 39s
Easy summer scarf hack ğŸ¤
78,9 mil
51
24,9 mil
she_luxe
r â€¢ PELIGROSA E Floy
Seguir

ğŸ‡©ğŸ‡¿ğŸ’ŒğŸ”— Ù„Ù„Ø·Ù„Ø¨ Ù…Ù† SHEIN ØªÙˆØ§ØµÙ„ÙˆØ§ Ù…Ø¹Ù†Ø§ Ø¹Ø¨Ø± Ø§Ù„Ø®Ø§Øµ
"
Screenshot_0091.jpg,"Reels
Amigos
453 mil
DANGER
SHALLOW WATER
NO DIVING
2.481
looks like they basically put
all stuff back where it
148
goes and
6.140
theaverycarl y
theshorttermshop
Seguir
Would you let 10 college kids stay at your beach
Les gusta a kaden_kumzi_15 y 453.604 personas mas
"
Screenshot_0092.jpg,"POV: How different cities
talk to each other
50,7 mil
Childre
1.524
New York
741
6.543
jaytwyne
Seguir
How different cities talk to each other ğŸ˜‚!
"
Screenshot_0093.jpg,"Forever dumbfounded that
houses used to look like this
and then some asshole
invented stucco
1,6 mill.
2.292
20,2 mil
175 mil
imjesscurious_
Seguir
Bring back homes that look like they belong to
"
Screenshot_0094.jpg,"Explorar
Amigos
59% Usado
1,7 mill.
GAM
2.450
647
109 mil
morganjay
Seguir
Filmed 3/9/25 in Toronto. I hope she found love.
"
Screenshot_0095.jpg,"Reels
Amigos
02h 14m 00s
When I already ran 3 miles, ate a high
protein breakfast, made $700 in sales
and I call him and he still sleep
280 mil
2.456
27
19,9 mil
thearielpryor
Seguir
Nah ğŸ˜­ğŸ˜‚ ion think God want that for me this ain't
"
Screenshot_0096.jpg,"Explorar
02h 32m 58s
36,8 mil
385
they literally thought that
all people think about
Indians is that we're smart
11
malluclubbing
Seguir
ğŸ˜‚ğŸ˜‚ğŸ˜‚
"
Screenshot_0097.jpg,"SocialX
""I'm never drinking again""
81,8 mil
184
the same mf next weekend
31,3 mil
thedjsabo
Seguir
respawns every weekend
"
Screenshot_0098.jpg,"sisa_umn 3 h
Se agrego a Summer Recipes
SocialX
Recpie 1: Kerala
Sambaram
Ingredients:
â€¢ Curd - 1 cup
â€¢ Water - 1.5 cups
â€¢ Green chilies - 1
â€¢ Ginger - Â½ inch piece
â€¢ Curry leaves - 5-6
â€¢ Salt
Steps:
1. Whisk the curd until smooth.
2. Add water and mix well to make
thin buttermilk.
3. Add salt, green chili, crushed
ginger, and curry leaves.
4. Mix well and let it rest for 5-10
minutes for the flavors to
infuse.
5. Strain for smoothness (optional)
6. Serve chilled for refreshment
Enviar mesaje
"
Screenshot_0099.jpg,"Reels
SocialX
my go ab routine for growth
134 mil
231
30,2 mil
fionamaefit
Seguir
my holy grail âœ¨
Agrega un comentario
"
Screenshot_0100.jpg,"POV: you mix gambling
732
and alcohol for the first
time
5
319
theamazingstev
Follow
Best feeling of my life #fyp #gambling #alcohol
"
